MaxReturn,TransfBits,NumTrajs,Iteration,AverageDiscountedReturn,MinReturn,StdReturn,TotalAverageReturn,Entropy,AveragePolicyStd,Perplexity,ExplainedVariance,AverageReturn
999.7788123640511,10096,5,10,631.5031617252884,969.5836705942535,12.025498301747202,476.6817041920842,1.3494445543788074,0.9328657503147723,3.8552835355128656,0.8289110087178339,993.6335387823376
999.814352512961,20192,4,20,633.7781241261989,999.6507439355262,0.06548549266513254,580.0112323739062,1.3050535172274886,0.8923605571902081,3.6878864538821894,0.9999992843891308,999.7218190301162
999.856551469675,30288,5,30,623.5862164259537,869.8609808685559,51.94978280948589,602.110935524621,1.2795505686329274,0.8698904762972434,3.5950236460461684,0.966850328610265,973.7602823109859
999.9036356481765,40384,4,40,633.8582305311489,999.7903796779675,0.042961194860706875,633.8276615225593,1.2630028327386769,0.8556142041969353,3.5360236487172383,0.9999995176069583,999.8364773474339
999.8657094349658,50480,4,49,633.8051805381626,999.6190976736331,0.10474792338861288,576.6435927480013,1.2499169895303408,0.844490709757229,3.4900532344788577,0.9999994536286911,999.7496116667621
