MaxReturn,TransfBits,NumTrajs,Iteration,AverageDiscountedReturn,MinReturn,StdReturn,TotalAverageReturn,Entropy,AveragePolicyStd,Perplexity,ExplainedVariance,AverageReturn
999.6493171361288,10096,6,10,505.8846376369815,459.8741285737053,209.4345954068805,503.0893594155943,1.3526106618798883,0.9358239841363231,3.867509121180011,0.2922636170999555,723.0225817897194
999.8322290133842,20192,4,20,633.7740778628488,999.5492816904842,0.10715184816042632,594.4643340706183,1.312308657102891,0.8988583003679155,3.7147398808437377,0.6792926397967072,999.6957237131907
999.8375713807648,30288,5,30,616.752703082212,799.6319277916458,79.15397017991317,602.2833019450378,1.2901131254463005,0.8791274409779803,3.6331975395991702,0.9284089914923297,957.7491982846525
999.8910705927838,40384,4,40,633.8623871333274,999.7958219995085,0.03567457568558091,603.890175855292,1.2860790368616486,0.8755881067975716,3.618570422259078,0.9999988497898782,999.8325340401813
999.8352938182549,50480,4,49,633.8438238652898,999.7963526158919,0.013783653014788231,604.3644397611488,1.263264159649595,0.8558378284320987,3.536947827605439,0.9999992894967669,999.8153830329924
