MaxReturn,TransfBits,NumTrajs,Iteration,AverageDiscountedReturn,MinReturn,StdReturn,TotalAverageReturn,Entropy,AveragePolicyStd,Perplexity,ExplainedVariance,AverageReturn
999.7745956479546,102080,6,10,495.6789150957152,379.78111398890366,209.03295601704585,428.4890928097854,1.355374005362902,0.938413563544975,3.878211157196138,0.49146998057769087,703.0341743572493
999.7475934595611,204160,6,20,512.0412207273897,0.0,361.6561788639082,541.3426613412157,1.3930290251712556,0.9744232630965546,4.027029571585483,0.9083170198351663,793.045184124495
999.8352230896911,306240,5,30,509.007491639922,9.980100406578595,395.87230229445385,572.5622599647076,1.399357903634861,0.9806098258526337,4.052596973461778,0.9022072484208441,801.7246617085794
999.8529755947355,408320,4,40,633.84175804867,999.7662334275899,0.03340369530906399,595.2022417627913,1.3983885244614362,0.979659703698913,4.048670373846849,0.9999994380076737,999.8047482616098
999.8649008055795,510400,5,49,627.6707159500619,919.6335644945052,32.05339124735668,628.9081899384694,1.393988470115116,0.9753586172081471,4.030895138849668,0.9868612419324154,983.7401381541735
