MaxReturn,TransfBits,NumTrajs,Iteration,AverageDiscountedReturn,MinReturn,StdReturn,TotalAverageReturn,Entropy,AveragePolicyStd,Perplexity,ExplainedVariance,AverageReturn
789.8582471218157,51040,7,10,438.38894280731625,459.8047619258924,107.325891459506,420.344761215259,1.3462872737399498,0.9299250760524304,3.843130518786622,0.870271991161708,579.7528732377116
999.8479912070655,102080,6,20,477.3806597764535,239.94080515767462,315.1518184516543,575.7448006548162,1.3911940075084614,0.9726368187774644,4.019646677135583,0.45086510886500464,698.1412598057213
999.8191307756977,153120,6,30,509.1718911671699,9.981260451907128,363.01561259307664,561.6105993169044,1.3999439466233603,0.9811846737918782,4.054972665564145,0.8154208771403499,786.4278490018049
999.802363853922,204160,4,40,633.8104260406443,999.7343894587142,0.02693507845125259,618.3739225366827,1.409301803510601,0.9904095547891886,4.093096620499779,0.9999993899311984,999.7738258958101
999.8256151692515,255200,4,49,633.7582369702473,999.3983863832905,0.16152913811869812,633.718773680039,1.3959708078534772,0.97729402508572,4.0388936596683305,0.9999990955930329,999.6692183981756
