MaxReturn,TransfBits,NumTrajs,Iteration,AverageDiscountedReturn,MinReturn,StdReturn,TotalAverageReturn,Entropy,AveragePolicyStd,Perplexity,ExplainedVariance,AverageReturn
819.7680607010411,50480,9,10,370.03189159009247,39.94634703090024,210.80951453166543,449.544279088745,1.3510981622874083,0.9344096206234336,3.861663936744166,0.13166355985586964,483.10827224078093
999.815505914042,100960,5,20,600.235346812301,819.460409561702,78.66947823393079,531.2696691322623,1.3051914171596932,0.8924836221356749,3.6883950482409156,0.7969455137265656,915.6331220319946
849.7617964182688,151440,11,30,296.31504787501257,0.0,226.63025820200622,357.70190627085475,1.2627890430732176,0.8554313022744245,3.5352677642073504,0.43107127659301125,375.26224969026157
999.7485455601739,201920,4,40,633.6606353155864,999.393887494425,0.1413955920834251,549.270081839631,1.1719783658125817,0.7811718090220454,3.228373228101994,0.9918304925699584,999.5113316692402
999.8153407662691,252400,5,49,584.5407035234982,519.6661490551826,187.9698865448599,523.422282496231,1.133691636822682,0.7518286076394756,3.107105659717918,0.6395243451721264,893.5845889554846
