MaxReturn,TransfBits,NumTrajs,Iteration,AverageDiscountedReturn,MinReturn,StdReturn,TotalAverageReturn,Entropy,AveragePolicyStd,Perplexity,ExplainedVariance,AverageReturn
999.5973901820327,10096,6,10,480.5971386891286,99.96073811867716,343.65123191135007,424.21883735210463,1.356493111322306,0.9394643356092977,3.8825537158524015,0.5516107484294743,716.3165116579729
999.830090931739,20192,6,20,454.2103640581586,0.0,426.1261233488059,555.6906397197894,1.3161274506850267,0.9022974171356919,3.7289528265404157,0.6047702002490474,701.4419560526271
999.8742247172681,30288,4,30,633.7875998621702,999.6160014164094,0.10630867470028292,633.810855884298,1.2838524701251455,0.8736407202416926,3.610522396781001,0.9999992922015112,999.7133150998841
999.8775928505623,40384,4,40,633.8140001193357,999.6178894028077,0.09511513921400142,620.7455483916126,1.2754709751618551,0.8663489057854483,3.5803872865492363,0.9755839290994814,999.7519943950626
999.8883950909224,50480,4,49,633.8486755374421,999.7107940997417,0.06619178863430954,618.3844047628311,1.257513820000741,0.850930592891869,3.5166675414262683,0.9999994887698033,999.8201784409365
