MaxReturn,TransfBits,NumTrajs,Iteration,AverageDiscountedReturn,MinReturn,StdReturn,TotalAverageReturn,Entropy,AveragePolicyStd,Perplexity,ExplainedVariance,AverageReturn
809.5540319017658,50480,7,10,430.00269071509916,209.8949591590968,197.67146592835599,469.36193812105284,1.350102932703002,0.9334801311294761,3.857822606369164,-0.6320543227143864,579.6780879215506
999.7412459451888,100960,4,20,633.7674979955522,999.6472357465683,0.03564152652462837,543.422184751284,1.3137270281105042,0.9001341194996553,3.720012498571667,0.9501092825898034,999.7037928577508
999.7891825008029,151440,5,30,549.721191014388,239.74649512046537,303.8751169720316,578.5994513467411,1.2668808996547047,0.8589387756237147,3.549763209291712,0.6799956618842361,847.4966123554419
999.8278074856812,201920,4,40,633.7719738254362,999.4516774876417,0.1491626842342112,612.8099408139191,1.1817094195452762,0.7888105400430854,3.259942051298356,0.9999993745612011,999.7046777280766
999.836191838453,252400,4,49,633.7927122602922,999.5354463107177,0.11617412593374711,633.7992618783005,1.0747496290217722,0.7087950210578168,2.929259407171551,0.9999994715722574,999.7324367818745
