MaxReturn,TransfBits,NumTrajs,Iteration,AverageDiscountedReturn,MinReturn,StdReturn,TotalAverageReturn,Entropy,AveragePolicyStd,Perplexity,ExplainedVariance,AverageReturn
999.7848783935992,100960,8,10,397.50535737414634,19.966428741724787,298.589852476477,429.9427417549371,1.3492864125572042,0.9327182368900349,3.8546739021572978,0.4926173873584254,549.7837478575541
999.6463075651591,201920,6,20,516.1374895621403,459.6918135757742,194.262851198064,506.65978529185026,1.3114816517950914,0.8981152470794084,3.711669041220541,0.4830212540059602,741.3000178722177
999.8633708744738,302880,4,30,633.8133246196022,999.623309940256,0.09155035733368616,618.3491502827266,1.274326071912338,0.865357587697934,3.5762904352070573,0.9999989166029729,999.7737367581435
999.8185823020868,403840,4,40,633.802840569388,999.6998022759133,0.04723741468827927,604.1174038677416,1.255466044364816,0.8491898608784811,3.509473563655416,0.9223279998354049,999.7585113124608
999.8304168073723,504800,4,49,633.8209757732378,999.6677810877052,0.0656626021610805,602.4796498247644,1.2418525188980016,0.8377077265747366,3.4620209872060865,0.9999990591076521,999.7669554525103
