MaxReturn,TransfBits,NumTrajs,Iteration,AverageDiscountedReturn,MinReturn,StdReturn,TotalAverageReturn,Entropy,AveragePolicyStd,Perplexity,ExplainedVariance,AverageReturn
999.7376951485319,50480,7,10,493.8935491104338,339.8046287787835,229.37977323406943,475.2038743107539,1.3503394356994354,0.9337009280861414,3.8587351008748674,0.032204564533764746,704.0089598914009
999.8462217165014,100960,4,20,633.7187602217858,999.3612397439664,0.1762520427075659,594.8229525363278,1.3175635208653897,0.9035941103986764,3.7343117114450286,0.9999989907703757,999.5937828096232
999.845138370888,151440,4,30,633.8238322651156,999.7034232191954,0.05440223033729431,589.6001505538628,1.2739682775465895,0.8650480230122506,3.5750110875244046,0.9999995113714678,999.7954655823271
999.8434243634098,201920,4,40,633.8518797646785,999.7759098238939,0.026742169630412056,603.8804565068424,1.1907170437773495,0.7959479462555825,3.2894390337398502,0.9999993736116854,999.8179781801471
999.8411426494882,252400,4,49,633.807036784764,999.6406615687315,0.0838219770604799,566.6954799933197,1.107040710382707,0.7320563238563781,3.025392122584904,0.9565595519845251,999.7535435642709
