MaxReturn,TransfBits,NumTrajs,Iteration,AverageDiscountedReturn,MinReturn,StdReturn,TotalAverageReturn,Entropy,AveragePolicyStd,Perplexity,ExplainedVariance,AverageReturn
999.6402767472034,10096,8,10,410.6278071524795,19.97248177642285,257.67555059646395,451.6361368010673,1.3494344744179885,0.9328563471119526,3.8552446746017406,0.5906008831641334,561.0212682160877
999.8388388767786,20192,5,20,622.696743972097,859.6247875063009,56.02890694051027,604.526108296135,1.3110854726782393,0.8977595030478206,3.7101988467071547,0.9030157673735721,971.6824636450367
999.8638863291796,30288,5,30,632.3496765768812,979.6823762631038,8.051467495169279,628.1491599748477,1.3000037457919569,0.887865698893472,3.669310412066931,0.9991315614563171,995.7851795578929
999.8714656172725,40384,5,40,509.0753808616966,9.981657469458964,395.9361182907852,603.8779276509895,1.274817539221763,0.8657829871896605,3.57804849702454,0.9399324833745117,801.853890701968
999.8035372037632,50480,5,49,509.05461672023205,9.979112579302923,395.92368325868716,604.3743524228581,1.2590067912936203,0.85220195665794,3.521921746324806,0.9411728599624194,801.8264789183929
