MaxReturn,TransfBits,NumTrajs,Iteration,AverageDiscountedReturn,MinReturn,StdReturn,TotalAverageReturn,Entropy,AveragePolicyStd,Perplexity,ExplainedVariance,AverageReturn
999.8074802923524,50480,6,10,508.71405073431924,259.8493069394024,252.50712039597042,503.3375613940143,1.3440017595660838,0.9278021460279168,3.834357019311706,0.25136259280305995,741.4046849298948
999.7508681647312,100960,4,20,633.7622246804723,999.5904400667783,0.059099887619438456,586.593344055413,1.3126614067508426,0.8991754282470142,3.716050485172955,0.9999980536642176,999.6852647352382
999.7488077399471,151440,4,30,633.7530984355698,999.5386687014354,0.08034057094187219,589.746167851686,1.2523933493982644,0.8465845641581881,3.4987065722126682,0.999998030769792,999.6530724400666
999.7632084831173,201920,4,40,633.7413671259662,999.4324797696897,0.12254123185469548,581.2180114948171,1.2127227652135577,0.8136574960979212,3.362627845640679,0.9999994587472247,999.6322729596855
469.79748589012195,252400,18,49,196.24347352153785,19.968133254501666,107.8369552275136,213.41065422499537,1.2266343580461467,0.8250558688199943,3.4097342579751637,0.5782475569730978,223.17832834864623
