MaxReturn,TransfBits,NumTrajs,Iteration,AverageDiscountedReturn,MinReturn,StdReturn,TotalAverageReturn,Entropy,AveragePolicyStd,Perplexity,ExplainedVariance,AverageReturn
859.5070644523686,10096,8,10,373.5330051959189,0.0,280.2220728021561,435.7456966783635,1.3464876953566944,0.9301114718178703,3.843900842410732,0.5524591740654954,507.24780478862306
999.8253151855304,20192,5,20,621.8565559173807,849.6357690663125,60.020885913334524,579.9019673611172,1.3069101682465354,0.8940188983320779,3.6947399323150276,0.9013761612621797,969.6773567050419
999.8608271906924,30288,4,30,633.8159727253254,999.5859296748447,0.10854397963292603,596.296585344035,1.2808987011791368,0.8710639948114932,3.5998734828046524,0.9999983545907024,999.7701426496371
999.8352321223578,40384,4,40,633.8079442174094,999.660600534116,0.06799520511420792,628.9193510892743,1.2475255652616695,0.8424735870386706,3.48171700817476,0.9999995629422405,999.7663072790978
999.8878689295163,50480,5,49,623.6235114395682,869.677586758169,52.07359953555157,591.0225431550313,1.2283938117568816,0.8265087942326417,3.415738808383214,0.9726577077906937,973.8247773177478
